"name","pweight_x","pweight_y","pop11","number_oa","type"
"Aberchirder",362680.763136621,852632.736459175,1237,10,"locality"
"Aberdeen",392416.040549691,806957.257820114,194946,1765,"locality"
"Aberdour",319107.588487446,685413.391916718,1633,14,"locality"
"Aberfeldy",285616.913393756,749049.397784491,1986,16,"locality"
"Aberfoyle",252044.256176853,700966.055916775,769,8,"locality"
"Aberlady",346460.512864494,679743.194682676,1166,10,"locality"
"Aberlour",326645.628596338,842733.163034002,1147,9,"locality"
"Abernethy",318846.568229531,716369.545136459,1429,11,"locality"
"Aboyne",352522.873174481,798609.648347425,2602,24,"locality"
"Addiebrownhill",298813.689108911,662387.36980198,2020,12,"locality"
"Airdrie",276688.793448909,665422.570533593,37032,314,"locality"
"Airth",290035.738107964,687390.687332977,1871,14,"locality"
"Alexandria",238876.150465658,680617.420547148,6872,67,"locality"
"Alford",357718.378618114,816017.885154062,2142,17,"locality"
"Allanton",285158.48185654,657768.185654008,1185,11,"locality"
"Alloa",288742.342851545,693556.993632757,20417,170,"locality"
"Almondbank",306732.174377224,726005.810676157,1405,14,"locality"
"Alness",265624.941369768,869730.471117261,5782,46,"locality"
"Alva",288119.720930233,697015.237586424,4773,45,"locality"
"Alyth",324681.958801498,748509.047856846,2403,21,"locality"
"Annan",319787.830691964,566787.31484375,8960,79,"locality"
"Annbank",240643.00877193,622974.36622807,912,7,"locality"
"Anstruther",356898.769297737,703734.205455601,3446,34,"locality"
"Arbroath",363805.048615179,741550.082629069,23902,214,"locality"
"Ardersier",278307.632173913,854790.130434783,1150,10,"locality"
"Ardrishaig",185112.739807265,685892.28687917,1349,12,"locality"
"Ardrossan",223424.363570392,643223.221516691,11024,97,"locality"
"Armadale",293872.478793511,668368.943815478,11836,99,"locality"
"Ashgill",278702.946428571,650012.963598901,1456,12,"locality"
"Auchenblae",372706.801498127,778919.464419476,534,4,"locality"
"Auchinleck",255211.830845771,622207.698612202,3819,35,"locality"
"Auchinloch",265757.545702592,670569.759890859,733,5,"locality"
"Auchterarder",294201.008550855,712634.440369037,4444,41,"locality"
"Auchtermuchty",323686.741041567,711804.144290492,2093,19,"locality"
"Auldearn",291951.785381026,855378.418351477,643,5,"locality"
"Aviemore",289854.622179854,813503.552907531,3147,29,"locality"
"Avoch",269987.599809886,855111.132129278,1052,9,"locality"
"Avonbridge",291093.973312402,672575.871271586,637,6,"locality"
"Ayr",234507.388610216,621186.270912933,46849,424,"locality"
"Ayton",392229.020560748,661089.06728972,535,5,"locality"
"Baile a'Mhanaich (Balivanich)",77089.6685393258,855256.882022472,534,5,"locality"
"Balfron",254740.276719577,688812.782539683,1890,15,"locality"
"Balintore",286374.973051011,875742.367661213,1039,9,"locality"
"Ballachulish",207990.996996997,758144.43993994,666,6,"locality"
"Ballater",336972.979778213,795893.560339204,1533,14,"locality"
"Ballingry, Lochore and Crosshill",317757.501679929,697104.882581786,5655,47,"locality"
"Balloch",273418.644444444,846958.752777778,1440,11,"locality"
"Balloch and Haldane",239681.355386606,681886.879650599,6182,59,"locality"
"Balmedie",396670.770323599,817556.135753749,2534,17,"locality"
"Balmullo",342614.896797153,721011.279715303,1405,12,"locality"
"Banavie and Corpach",209715.505079826,776909.350507983,1378,10,"locality"
"Banchory",370355.468400981,796256.756333424,7342,60,"locality"
"Banff",368481.879715826,863985.819206271,4082,37,"locality"
"Bankfoot",306708.797136038,735243.675417661,1257,10,"locality"
"Banknock",278297.728114478,679007.183922559,2376,18,"locality"
"Bannockburn",280794.616277404,690295.594497779,6979,58,"locality"
"Bargeddie",270107.835125448,664431.406451613,2790,22,"locality"
"Barrhead",250203.722524795,658901.304706759,17443,156,"locality"
"Bathgate",297792.262731425,668545.157000442,20363,170,"locality"
"Bearsden",254245.754708668,672070.898006388,27237,221,"locality"
"Beauly",252377.406593407,846186.061538462,1365,16,"locality"
"Beith",234704.337685364,653977.404416505,6204,52,"locality"
"Bellsbank",247929.072052402,604516.508005822,1374,13,"locality"
"Bellshill",273545.282494911,660033.856498982,20634,173,"locality"
"Biggar",304057.423714037,637710.521795989,2294,20,"locality"
"Bilston",325992.6625,664599.014285714,1120,10,"locality"
"Birkhill and Muirhead",334836.113080977,734378.836128414,2087,19,"locality"
"Bishopbriggs",261511.954219502,670434.71998251,22870,180,"locality"
"Bishopton",243712.146983857,671208.43606627,4708,37,"locality"
"Blackburn (Aberdeenshire)",382691.309121622,813051.702027027,2960,21,"locality"
"Blackburn (West Lothian)",298659.904083927,665858.744660922,5338,51,"locality"
"Blackford",289614.574415744,708933.316113161,813,7,"locality"
"Blackridge",289649.982590886,667068.196620584,1953,17,"locality"
"Blairgowrie",318076.807907081,744860.61168193,8954,81,"locality"
"Blairhall",300354.964401294,689578.065803668,927,8,"locality"
"Blantyre",268619.718097448,657598.730046404,17240,155,"locality"
"Bo'ness",299967.422241356,680798.337461915,15098,134,"locality"
"Boddam",413129.057906459,842374.344469191,1347,13,"locality"
"Bonhill",240053.536019667,679393.531958102,9356,77,"locality"
"Bonnybridge",282324.146495596,680604.466870931,5222,45,"locality"
"Bonnyrigg",330762.041074447,665000.863439985,15971,132,"locality"
"Bothwell",270360.929854444,658890.187674202,6458,58,"locality"
"Bowling",244576.280353201,673698.878587196,453,4,"locality"
"Bowmore",131265.410714286,659762.197704082,784,7,"locality"
"Braco",283596.503496504,709577.667832168,572,6,"locality"
"Brae",435769.888268156,1167940.7150838,716,7,"locality"
"Braidwood",284718.891036907,647933.920913884,569,4,"locality"
"Brechin",359982.331239139,760309.265071515,7481,68,"locality"
"Bridge of Allan",279274.595131846,697251.784989858,4930,42,"locality"
"Bridge of Earn",313296.523809524,717718.698412698,2709,23,"locality"
"Bridge of Weir",238745.17035217,665459.31019656,4884,43,"locality"
"Bridgend",304239.853626943,675593.205958549,772,8,"locality"
"Brightons",292742.442277516,677781.506837032,4461,34,"locality"
"Broadford",164704.921017403,823270.900937082,747,7,"locality"
"Brodick",201524.637971698,635911.041273585,848,9,"locality"
"Brookfield",241478.495479204,664438.513562387,553,5,"locality"
"Brora",290542.923556942,904024.790171607,1282,12,"locality"
"Broxburn",307156.02601626,672089.324747968,15375,132,"locality"
"Buchlyvie",257433.541425819,693808.874759152,519,5,"locality"
"Buckhaven",335785.738223419,698502.190668461,4458,46,"locality"
"Buckie",342615.625577812,865361.415432026,8437,76,"locality"
"Burghead",311606.946529563,868880.983033419,1945,16,"locality"
"Burntisland",323297.417450949,686256.208326687,6269,55,"locality"
"Burrelton",320078.90461997,737214.615499255,671,7,"locality"
"Busby",257886.159249841,656378.617291799,3146,28,"locality"
"Cairneyhill",304602.12494929,686352.056795132,2465,19,"locality"
"Calderbank",276853.244680851,662867.588861076,1598,14,"locality"
"Caldercruix",282075.193625498,667952.231474104,2510,16,"locality"
"California",290794.751851852,676268.367901235,810,6,"locality"
"Callander",263329.635034124,707577.075398115,3077,26,"locality"
"Cambuslang",264952.170093802,660040.774324076,27185,227,"locality"
"Campbeltown",171804.216611707,620525.457749382,4852,45,"locality"
"Caol",211098.34865541,776195.664790494,3198,27,"locality"
"Cardenden and Auchterderran",321831.305620821,695330.20657871,5533,47,"locality"
"Cardrona",330444.103057758,638824.301245753,883,5,"locality"
"Cardross",234497.871409029,677718.015959872,2193,19,"locality"
"Carfin",277650.504205046,658478.189427313,2497,19,"locality"
"Cargenbridge",295238.290434783,574415.274782609,575,5,"locality"
"Carluke",284927.881066352,650392.181603947,13579,115,"locality"
"Carmunnock",259831.975328947,657399.679276316,1216,9,"locality"
"Carnock",304314.779054917,688962.611749681,783,6,"locality"
"Carnoustie",355793.59750746,734694.872740039,11394,96,"locality"
"Carnwath",298120.261146497,646302.45576787,1413,12,"locality"
"Carron",288553.365824783,682893.977111286,2534,22,"locality"
"Carronshore",289043.456608812,683219.53271028,2996,26,"locality"
"Carstairs",293715.242888403,645903.77571116,914,9,"locality"
"Carstairs Junction",295286.672021419,645131.914323963,747,6,"locality"
"Castle Douglas",276584.296118831,562539.909439387,4174,37,"locality"
"Castletown",319460.825059102,967978.418439716,846,7,"locality"
"Catrine",252968.261627907,625650.276386404,2236,20,"locality"
"Ceres",339831.366357069,711650.17750258,969,9,"locality"
"Chapelhall",278073.278592814,662621.732634731,6680,52,"locality"
"Chapelton",268376.264385692,648540.847589425,643,5,"locality"
"Chirnside",386817.342015079,656389.981494174,1459,12,"locality"
"Chryston",268377.175757576,669829.495543672,2805,24,"locality"
"Clackmannan",291341.108948286,691886.30040674,3442,28,"locality"
"Clarkston",256837.777184932,657201.003948351,9371,70,"locality"
"Cleland",280017.720558882,658430.97005988,3006,26,"locality"
"Clydebank",249581.114268621,671000.879449596,26744,263,"locality"
"Coalburn",281232.576362241,634935.638526477,1303,10,"locality"
"Coalsnaughton",292020.714622642,695832.983490566,848,9,"locality"
"Coaltown of Balgonie",330147.751652502,699843.960339943,1059,8,"locality"
"Coaltown of Wemyss",332310.25,695873.88590604,596,7,"locality"
"Coatbridge",272932.558039278,664429.550261171,43841,372,"locality"
"Cockenzie",340719.665285534,675572.713204828,5551,46,"locality"
"Coldingham",390353.692717584,665970.827708703,563,6,"locality"
"Coldstream",384069.983556012,639964.557040082,1946,18,"locality"
"Comrie (Fife)",301891.671186441,689198.578531073,885,7,"locality"
"Comrie (Perth and Kinross)",277561.951219512,721663.961598339,1927,17,"locality"
"Conon Bridge",254544.17218543,855405.290788681,1661,14,"locality"
"Coupar Angus",322031.368700265,740072.545092838,2262,19,"locality"
"Cove Bay",394781.760383387,801085.950548687,7199,59,"locality"
"Cowdenbeath",315990.440750811,691454.741338479,11401,100,"locality"
"Cowie",283911.175160438,689427.156662892,2649,20,"locality"
"Coylton",240834.88191396,619625.971466198,2278,18,"locality"
"Crail",361268.483831605,707778.654057352,1639,15,"locality"
"Creetown",247600.846833579,558831.855670103,679,5,"locality"
"Crieff",286485.463083605,721620.417752443,7368,67,"locality"
"Crimond",405093.378378378,856694.541715629,851,5,"locality"
"Cromarty",278713.363636364,867407.194214876,726,6,"locality"
"Crook of Devon",303443.505494506,700231.573260073,546,4,"locality"
"Crossford (Fife)",306788.292196777,686467.158184903,2358,20,"locality"
"Crossford (South Lanarkshire)",282663.46884273,646732.066765579,674,7,"locality"
"Crossgates",314562.921480879,688771.560618389,2458,20,"locality"
"Crosshill",232668.002083333,606614.785416667,480,5,"locality"
"Crosshouse",239514.341139462,638411.58720727,2861,24,"locality"
"Croy",272576.894303363,675566.468771448,1457,10,"locality"
"Cruden Bay",408827.809907121,836418.495975232,1615,14,"locality"
"Cullen",351247.060338983,867037.974237288,1475,12,"locality"
"Culloden",271956.725657427,846296.432835821,4221,33,"locality"
"Cumbernauld",275492.610196956,674688.71234013,51839,415,"locality"
"Cuminestown",380359.560784314,850354.119607843,510,4,"locality"
"Cumnock",257263.334771546,619726.681491315,9039,83,"locality"
"Cupar",337357.303458614,714443.4741407,9339,83,"locality"
"Dailly",227013.741899441,601408.187709497,895,7,"locality"
"Dalbeattie",283372.888573456,561088.076886681,4227,37,"locality"
"Dalgety Bay",315425.066133279,683312.35071906,9874,76,"locality"
"Dalkeith",333647.597616572,666933.209389746,12503,114,"locality"
"Dalmellington",247982.195605953,605982.576187101,1411,11,"locality"
"Dalry",229054.346473396,649317.529079017,5657,47,"locality"
"Dalrymple",236325.603257329,614553.472964169,1535,12,"locality"
"Danderhall",330717.217057101,669499.650805271,2732,24,"locality"
"Darvel",256378.167915267,637602.304572462,3871,35,"locality"
"Dechmont",304089.627478754,670818.379603399,706,6,"locality"
"Denholm",356935.773353752,618424.049004594,653,7,"locality"
"Denny",280889.673767805,682290.317156183,7933,68,"locality"
"Dennyloanhead",280904.83819797,680308.118654822,1576,11,"locality"
"Dingwall",254771.026588964,859356.526497906,5491,48,"locality"
"Dollar",296193.767022451,698159.745675377,2717,23,"locality"
"Dornoch",279859.132450331,889798.935430464,1208,10,"locality"
"Douglas",283723.52654321,630472.793209877,1620,15,"locality"
"Doune",272207.28413962,701611.073484385,1633,12,"locality"
"Dreghorn",235136.408952749,638043.234318873,3619,28,"locality"
"Drongan",244355.438689548,618361.596879875,3205,27,"locality"
"Drumnadrochit",250831.563124432,829195.247956403,1101,10,"locality"
"Drumoak",379171.166471278,798928.237983587,853,7,"locality"
"Drymen",247465.152439024,688755.8,820,8,"locality"
"Dufftown",332392.586082783,840100.349130174,1667,16,"locality"
"Dullatur",274666.453371593,676752.054519369,697,5,"locality"
"Dumbarton",240055.240928375,675709.869178937,20035,187,"locality"
"Dumfries",297235.59995128,576239.548978411,32841,290,"locality"
"Dunbar",367695.969714824,678441.768913505,8486,68,"locality"
"Dunbeg",187850.1808,733509.128,625,5,"locality"
"Dunblane",278195.143003064,701438.310180456,8811,67,"locality"
"Dundee",340821.483604611,731935.390965404,147389,1343,"locality"
"Dundonald",236536.306561086,634704.136500754,2652,23,"locality"
"Dunfermline",310683.928378868,687159.887679556,49706,408,"locality"
"Dunipace",280593.72748538,683518.927095517,2565,22,"locality"
"Dunkeld and Birnam",303023.913752914,742123.512820513,1287,13,"locality"
"Dunlop",240939.094942325,649498.062111801,1127,9,"locality"
"Dunning",302010.181528662,714439.295116773,942,9,"locality"
"Dunoon",217458.371303525,677441.287083038,8454,81,"locality"
"Duns",378749.779513258,653706.103523429,2753,26,"locality"
"Duntocher and Hardgate",249199.968244967,672891.594698044,7054,64,"locality"
"Dyce",389023.318977591,812925.819852941,5712,48,"locality"
"Eaglesfield",323436.480463097,574372.251808972,691,6,"locality"
"Eaglesham",257177.623314066,652106.070648683,3114,28,"locality"
"Earlston",357549.631815627,638610.587408657,1779,15,"locality"
"East Calder",308715.495238095,667314.339047619,4725,37,"locality"
"East Kilbride",263013.09926609,653970.60673961,74396,646,"locality"
"East Linton",358916.170999422,677443.298671288,1731,17,"locality"
"East Wemyss",333978.44813278,697044.25,1928,17,"locality"
"East Whitburn",296282.457002457,665157.702702703,1221,10,"locality"
"Eastriggs",324790.675906183,566198.848081023,1876,15,"locality"
"Ecclefechan",319345.852618758,574745.507917174,821,6,"locality"
"Edinburgh",324427.573988933,672788.212808523,459366,4182,"locality"
"Edzell",360054.809471366,768846.473568282,908,8,"locality"
"Elderslie",244311.887646432,662764.365814697,5634,50,"locality"
"Elgin",321956.416378416,862672.878329298,23128,200,"locality"
"Elie and Earlsferry",348993.875923191,700052.722304284,677,9,"locality"
"Ellon",395292.812719127,830817.44156603,10268,80,"locality"
"Elphinstone",339728.926923077,670397.942307692,520,5,"locality"
"Errol",325261.245614035,722966.305873379,1311,10,"locality"
"Erskine",246766.853650893,670212.998307741,15955,123,"locality"
"Evanton",260532.184191443,866182.351704133,1379,11,"locality"
"Eyemouth",394144.854765933,664203.393683023,3546,29,"locality"
"Faifley",250535.209709119,673236.452830189,5088,47,"locality"
"Fairlie",221006.274578652,655210.050561798,1424,13,"locality"
"Falkirk",288196.850104526,680412.040736765,35398,330,"locality"
"Falkland",325422.76459854,707236.98540146,1096,9,"locality"
"Fallin",283534.566031073,691802.10769774,2832,22,"locality"
"Fauldhouse",293389.664670659,660723.590336568,4843,41,"locality"
"Fenwick",246410.350674374,643291.852601156,1038,7,"locality"
"Ferryden and Inchbraoch",371211.057231245,756639.930394432,1293,12,"locality"
"Findhorn",304344.263041065,864147.364039956,901,9,"locality"
"Findochty",346307.219189413,867881.400330852,1209,12,"locality"
"Fochabers",334557.647569444,858451.714699074,1728,15,"locality"
"Forfar",345635.894931663,750475.975441344,14048,126,"locality"
"Forgandenny",309159.175438597,718228.242424242,627,2,"locality"
"Forres",303501.253944327,858422.684855793,9951,88,"locality"
"Fort Augustus",237690.938808374,809131.592592593,621,5,"locality"
"Fort William",210545.37599864,773740.242903281,5883,51,"locality"
"Forth",294015.558263181,653756.646876385,2257,19,"locality"
"Fortrose",272757.119970739,856543.997073884,1367,10,"locality"
"Fraserburgh",398978.033740458,866336.411221374,13100,104,"locality"
"Freuchie",328418.551525144,706736.427864798,1213,11,"locality"
"Friockheim",359520.48960499,749821.181912682,962,9,"locality"
"Galashiels",349468.101760645,636012.330411851,12893,118,"locality"
"Galston",249990.331905782,636489.902569593,4670,43,"locality"
"Gardenstown",380135.550224888,864542.71814093,667,6,"locality"
"Garelochhead",224086.305665349,690761.112867809,2277,12,"locality"
"Gargunnock",270492.418882979,694383.054521277,752,6,"locality"
"Garmouth",333762.709677419,864309.534804754,589,4,"locality"
"Gartcosh",269696.491375291,668145.294172494,2145,17,"locality"
"Gatehouse of Fleet",259769.090263692,556490.096348884,986,9,"locality"
"Gauldry",337673.738060781,723697.629522431,691,6,"locality"
"Giffnock",256341.724169135,659004.046643633,12156,97,"locality"
"Gifford",353487.78768021,667994.626474443,763,7,"locality"
"Girvan",218749.079536912,597426.399789505,6651,60,"locality"
"Glasgow",258219.767052403,665112.645350669,590386,5464,"locality"
"Glassford",272650.045977011,647155.113300493,609,6,"locality"
"Glenboig",271865.527788139,668712.349123461,2681,20,"locality"
"Glenfarg",313449.708165997,710367.759036145,747,7,"locality"
"Glenluce",219856.28976378,557514.034645669,635,5,"locality"
"Glenmavis",275301.729540481,667694.133916849,2285,18,"locality"
"Glenochil Village",287115,695699,831,1,"locality"
"Glenrothes",327063.273569774,701047.318481554,39277,336,"locality"
"Golspie",283179.938877043,900133.699360341,1407,11,"locality"
"Gorebridge",334421.896739978,661855.139291842,6411,51,"locality"
"Gourdon",382658.296577947,770913.778200253,789,7,"locality"
"Gourock",223687.869401934,676982.50380246,10651,98,"locality"
"Gowkthrapple",279230.696055684,653571.163959784,1293,12,"locality"
"Grangemouth",292861.101594428,680968.096644218,17373,164,"locality"
"Grantown-on-Spey",303036.736820428,827740.928336079,2428,23,"locality"
"Greenhill",282102.959227468,679304.406866953,2330,14,"locality"
"Greenlaw",371194.444104135,646041.229709035,653,6,"locality"
"Greenock",226765.050397758,675859.194042669,44248,404,"locality"
"Gretna",331883.972354623,567103.930727677,3147,27,"locality"
"Guardbridge",344970.337662338,719533.108766234,616,7,"locality"
"Gullane",348581.984423676,682897.294781931,2568,22,"locality"
"Haddington",351294.222087379,673904.648830538,9064,76,"locality"
"Haggs and Longcroft",279520.307180851,679331.640957447,752,6,"locality"
"Halkirk",313228.765784114,959326.387983707,982,9,"locality"
"Hallglen",289327.367524016,678462.545088317,3227,28,"locality"
"Hamilton",270793.444799579,654843.775926901,53188,461,"locality"
"Harthill",290298.283787429,664370.540329107,3707,32,"locality"
"Hatton of Cruden",405009.540816327,837231.12244898,882,9,"locality"
"Hawick",350505.504967119,615128.595564572,14294,137,"locality"
"Head of Muir",280950.617804154,681055.912759644,1685,14,"locality"
"Helensburgh",230110.43326301,682609.249296765,14220,127,"locality"
"High Bonnybridge",282950.064,679457.8416,625,4,"locality"
"High Valleyfield",300308.31261426,686558.543875686,2188,19,"locality"
"Hillhead",242165.259194396,619695.409807355,571,6,"locality"
"Hillside",370806.682707993,761338.029363785,1226,12,"locality"
"Holytown",276375.025167125,660306.038143925,5086,42,"locality"
"Hopeman",314667.686774942,869460.379350348,1724,14,"locality"
"Houston",241390.013289556,666139.251094434,6396,49,"locality"
"Howwood",239738.327342747,660389.892169448,1558,12,"locality"
"Huntly",352724.186661074,839928.736786913,4768,39,"locality"
"Hurlford and Crookedholm",245478.852455634,636702.143210896,4846,43,"locality"
"Inchinnan",247674.034501948,669018.928770173,1797,16,"locality"
"Inchture",328152.055411255,728703.243290043,1155,8,"locality"
"Innellan",214916.203030303,670485.326262626,990,10,"locality"
"Innerleithen",333301.351369185,636747.508742989,3031,26,"locality"
"Insch",363105.329097283,828124.765556529,2282,18,"locality"
"Inverallochy and Cairnbulg",404064.488727273,865001.593454545,1375,11,"locality"
"Inveraray",209289.894295302,708153.129194631,596,6,"locality"
"Inverbervie",382858.759068518,772411.414240932,2233,18,"locality"
"Invergordon",270747.344785276,869122.609079755,4075,35,"locality"
"Invergowrie",334678.688232013,730097.803680982,1793,18,"locality"
"Inverkeithing",313182.733743748,682942.062716429,5198,52,"locality"
"Inverkip",221002.224329627,671985.27763244,3058,25,"locality"
"Inverness",266550.252878492,844356.143828127,46639,411,"locality"
"Inverurie",376815.87197724,821750.674727359,12654,108,"locality"
"Irvine",233247.037678598,639659.048637502,33945,291,"locality"
"Jedburgh",365348.466997519,620516.472208437,4030,36,"locality"
"Johnshaven",379669.851190476,767141.6875,672,5,"locality"
"Johnstone",242482.550135338,662380.744842105,16625,152,"locality"
"Keith",342963.74313477,850504.913814956,4734,40,"locality"
"Kelso",372909.924277354,634646.084234793,5639,50,"locality"
"Kelty",314091.101393782,694497.75815592,6529,57,"locality"
"Kemnay",373222.821877507,816257.309975929,3739,31,"locality"
"Kennoway",335145.687284483,702577.432974138,4640,41,"locality"
"Kilbarchan",240612.497202015,663067.395635143,3574,29,"locality"
"Kilbirnie",231428.733839309,654283.890211986,7642,71,"locality"
"Kilcreggan",222953.402597403,681181.403361345,1309,13,"locality"
"Killearn",252269.186360964,685693.219282775,1701,14,"locality"
"Killin",257116.25751634,732821.292810458,765,7,"locality"
"Kilmacolm",235646.709984947,669897.582538886,3986,35,"locality"
"Kilmarnock",242993.483026062,638001.572001127,46159,418,"locality"
"Kilmaurs",240850.477326969,641306.912035459,2933,25,"locality"
"Kilsyth",271628.766717248,677944.185837127,9885,85,"locality"
"Kilwinning",229832.804687029,643440.02741129,16599,142,"locality"
"Kincardine",293235.620324629,687666.983062809,2834,25,"locality"
"Kinghorn",326902.593064402,686963.922859165,2826,27,"locality"
"Kinglassie",323263.293942993,698583.3847981,1684,14,"locality"
"Kingseat (Aberdeenshire)",390545.513081395,818974.228197674,688,5,"locality"
"Kingseat (Fife)",312589.36329588,690370.535580524,801,7,"locality"
"Kingskettle",330772.427145709,707938.150698603,1002,8,"locality"
"Kingswells",386831.372741468,807556.891144323,4483,33,"locality"
"Kingussie",275882.100271003,800831.256097561,1476,13,"locality"
"Kinlochleven",218761.358258929,762028.208705357,896,10,"locality"
"Kinloss",306897.014258555,861688.94486692,1052,12,"locality"
"Kinnesswood",317697.282157676,702973.919087137,482,4,"locality"
"Kinross",311551.795951748,702734.085054181,4891,42,"locality"
"Kintore",378933.466943958,815946.89908056,4568,33,"locality"
"Kippen",264926.462962963,694642.333333333,1026,9,"locality"
"Kirkcaldy",327427.457100324,692867.608159488,49709,458,"locality"
"Kirkconnel",273587.112097151,611644.271835591,2141,22,"locality"
"Kirkcudbright",268513.71300716,551220.720763723,3352,31,"locality"
"Kirkfieldbank",286325.977130977,643683.461538462,962,8,"locality"
"Kirkhill",255537.359011628,845503.251453488,688,5,"locality"
"Kirkintilloch",266409.5034791,673838.672151963,19689,175,"locality"
"Kirkliston",312228.86532782,674537.676609569,3386,27,"locality"
"Kirkmuirhill and Blackwood",279277.585337105,643519.713814239,4242,36,"locality"
"Kirknewton",311365.232281428,667125.268494568,1933,15,"locality"
"Kirkwall",345183.045706175,1010518.05621008,7045,67,"locality"
"Kirriemuir",338428.926869351,754190.153820871,6085,54,"locality"
"Kyle of Lochalsh",176116.208012327,827551.573189522,649,6,"locality"
"Ladybank",330332.167664671,709960.280106454,1503,13,"locality"
"Lamlash",202573.219435737,631085.203761755,957,11,"locality"
"Lanark",288628.723094297,643831.107735742,8855,80,"locality"
"Langbank",238267.837982833,673135.847639485,932,6,"locality"
"Langholm",336161.916030534,584573.959586888,2227,22,"locality"
"Larbert",286015.923876189,683103.23394947,9143,71,"locality"
"Largs",220670.052028219,659706.000176367,11340,103,"locality"
"Larkhall",276411.377521806,650906.888874093,15019,136,"locality"
"Lauder",352942.808791209,647568.781318681,1820,14,"locality"
"Laurencekirk",371436.121709402,771289.987008547,2925,21,"locality"
"Laurieston",291165.819217623,679432.379415116,2633,25,"locality"
"Law",282035.301268172,652331.261985772,3233,27,"locality"
"Lennoxtown",262949.277479238,677804.042012702,4094,33,"locality"
"Lenzie",265446.028401664,672098.419726679,8415,65,"locality"
"Lerwick",446780.915205519,1141087.07832711,6958,65,"locality"
"Leslie",324589.245830554,701666.909606404,2998,27,"locality"
"Lesmahagow",281360.779676674,639758.18221709,4330,36,"locality"
"Letham",352783.88776797,748672.8814628,1586,12,"locality"
"Leuchars",345631.693095768,721369.856124722,2245,17,"locality"
"Leven",337722.540981786,701328.508107508,9004,84,"locality"
"Lhanbryde",327571.130306022,861308.435340573,2026,16,"locality"
"Liff",333684.837292162,733011.019002375,842,7,"locality"
"Limekilns",307621.744371823,683387.733478577,1377,13,"locality"
"Linlithgow",299994.844005348,677006.74015748,13462,104,"locality"
"Linwood",243385.975323012,664621.030147829,8591,78,"locality"
"Livingston",304845.531233894,667729.826725195,56269,418,"locality"
"Loanhead",327713.351604703,665637.708134732,6294,56,"locality"
"Loans",234507.432080925,631764.815028902,692,6,"locality"
"Locharbriggs",299246.244735533,579372.264964351,6031,50,"locality"
"Lochgelly and Lumphinnans",318547.37126165,693480.935039644,7189,64,"locality"
"Lochgilphead",186367.606187291,688109.18854515,2392,21,"locality"
"Lochmaben",308163.46961895,582774.467044284,1942,17,"locality"
"Lochwinnoch",235290.550347222,659041.062152778,2880,24,"locality"
"Lockerbie",313684.040821087,581786.456729648,4287,35,"locality"
"Logan",258969.484920635,620715.830952381,1260,12,"locality"
"Longforgan",330926.19852338,729872.148482363,1219,9,"locality"
"Longniddry",343917.276527331,676127.525321543,2488,21,"locality"
"Longridge",294976.493909192,662432.647840532,903,7,"locality"
"Longside",403486.94002181,847426.033805889,917,7,"locality"
"Lossiemouth",323018.48825438,870323.805970149,7705,62,"locality"
"Lower Largo and Lundin Links",341471.844736842,702774.564736842,1900,20,"locality"
"Lumphanan",358411.378378378,804430.264864865,555,4,"locality"
"Luncarty",309725.264298615,729721.49307646,1661,14,"locality"
"Macduff",370806.620603642,864307.832377151,4009,34,"locality"
"Macmerry",343534.842379182,672361.301858736,1345,11,"locality"
"Maddiston",293856.997418522,676724.736689255,3099,26,"locality"
"Mallaig",167887.869727047,797004.069478908,806,7,"locality"
"Markinch",329580.744787323,701684.196830692,2398,23,"locality"
"Maryburgh",254039.832340426,856379.214468085,1175,9,"locality"
"Mauchline",249900.340814833,627231.799707246,4099,33,"locality"
"Maud",392242.737704918,847881.789227166,854,8,"locality"
"Maxwellheugh",372831.947540984,633199.957377049,1220,11,"locality"
"Maybole",229857.571008403,609963.221428571,4760,43,"locality"
"Mayfield",334383.327238525,664654.171783296,13290,112,"locality"
"Melrose",354612.474642393,633812.706545297,2307,22,"locality"
"Menstrie",284994.131597718,696736.169400856,2804,25,"locality"
"Methil",336514.151471122,699877.441972394,11012,97,"locality"
"Methven",302568.87202925,726035.327239488,1094,10,"locality"
"Mid Calder",307046.028801843,667018.218894009,3472,29,"locality"
"Millport",216602.231372549,655036.578823529,1275,15,"locality"
"Milltimber",386004.662890625,801825.216015625,2560,17,"locality"
"Milnathort",312060.219047619,704684.135449735,1890,16,"locality"
"Milngavie",254861.926394965,674587.436487835,13029,108,"locality"
"Milton",242656.64229249,674422.501976285,506,6,"locality"
"Milton and Kildary",276637.479806139,874379.090468498,619,5,"locality"
"Milton of Campsie",264977.949087169,676409.241193109,3889,31,"locality"
"Milton of Leys",269487.388888889,842165.164855073,1656,11,"locality"
"Mintlaw",399786.972804116,848058.44432194,2721,25,"locality"
"Moffat",308819.948489543,605333.896591789,2582,22,"locality"
"Moniaive",277853.850102669,590906.014373717,487,5,"locality"
"Monifieth",349282.111403299,732645.166626823,8366,68,"locality"
"Monkton",235892.076252723,627975.374727669,918,8,"locality"
"Montrose",371540.848505263,758534.468042105,11875,111,"locality"
"Moodiesburn",269872.938361131,670913.386511965,6895,61,"locality"
"Morningside",282933.928571429,655337.642857143,560,3,"locality"
"Mossblown",240452.426349497,624838.017840805,2186,18,"locality"
"Mosstodloch",332984.234833659,860032.361056751,1022,9,"locality"
"Motherwell",275277.297279509,656839.465993857,31906,283,"locality"
"Muir of Ord",252750.679843444,850193.247749511,2555,21,"locality"
"Muirhead",268755.356804333,669154.626269465,1477,11,"locality"
"Muirkirk",269079.645287958,627147.589005236,1528,14,"locality"
"Murthly",310091.528440367,738514.532110092,545,4,"locality"
"Musselburgh",334665.09608858,672307.354488376,23572,200,"locality"
"Muthill",286830.089692102,716881.3145917,747,6,"locality"
"Nairn",288129.685357618,856253.36222245,9773,87,"locality"
"Neilston",247774.632587859,656985.494643864,5321,45,"locality"
"Netherburn",280398.056527591,647751.588156124,743,6,"locality"
"Netherlee",257730.55414292,658940.151687856,4562,37,"locality"
"Nethy Bridge",300730.203416149,820487.840062112,644,6,"locality"
"New Cumnock",262037.791958042,613241.514685315,2860,30,"locality"
"New Deer",388579.115444618,846991.209048362,641,6,"locality"
"New Pitsligo",388276.61287398,855836.205802357,1103,9,"locality"
"New Stevenston",276374.780347857,659189.982607136,5577,44,"locality"
"Newarthill",277896.230359103,659535.007997491,6377,50,"locality"
"Newburgh (Aberdeenshire)",399835.366991643,825438.119777159,1436,10,"locality"
"Newburgh (Fife)",323521.736078615,718265.582592419,2137,19,"locality"
"Newcastleton",348312.395833333,587509.830729167,768,8,"locality"
"Newmachar",388698.360162602,819493.323577236,2460,19,"locality"
"Newmains",282389.539826149,656605.088167465,5637,48,"locality"
"Newmarket, Lacasdal and Bruach Mairi (Newmarket, Laxdale and Marybank)",141845.660445515,935394.435279952,1661,13,"locality"
"Newmilns",253355.588273829,637272.468391746,3053,32,"locality"
"Newport-on-Tay and Wormit",341343.971953806,727323.642234268,4243,39,"locality"
"Newton Mearns",254019.725805788,656042.494875067,24293,176,"locality"
"Newton Stewart",241031.985337243,565577.919354839,4092,36,"locality"
"Newtonhill",390905.386317907,793567.71898055,2982,23,"locality"
"Newtonmore",271556.704753199,799245.734003656,1094,10,"locality"
"Newtown St Boswells",357488.929632525,631776.820172009,1279,13,"locality"
"Newtyle",329799.462666667,741254.142666667,750,6,"locality"
"North Berwick",355104.549280848,684993.501286904,6605,56,"locality"
"North Kessock",264857.847991314,848236.755700326,921,7,"locality"
"North Queensferry",313075.115241636,680737.390334573,1076,9,"locality"
"Oakley",302796.340008707,689069.101001306,2297,19,"locality"
"Oban",185973.351644507,729576.199673431,8574,74,"locality"
"Ochiltree",250388.594646272,621098.314531549,1046,8,"locality"
"Old Kilpatrick",246820.372537313,672602.875024876,5025,43,"locality"
"Oldmeldrum",380776.600249066,827408.600871731,3212,25,"locality"
"Ormiston",341030.642135642,669102.410774411,2079,17,"locality"
"Overtown",280102.039794007,652988.401685393,2136,14,"locality"
"Paisley",248031.028411901,663185.909402088,76834,722,"locality"
"Pathhead",339493.739307536,664113.476578411,982,9,"locality"
"Patna",241721.147778785,610056.485040798,2206,20,"locality"
"Peebles",325227.308381089,640281.533906399,8376,75,"locality"
"Pencaitland",344533.581518152,668830.735973597,1515,11,"locality"
"Penicuik",323580.080308929,660835.102725104,15926,130,"locality"
"Perth",310438.563806381,723962.09403825,47268,417,"locality"
"Peterculter",383938.671328671,800936.449082168,4576,41,"locality"
"Peterhead",412146.132707558,846207.112963263,18537,162,"locality"
"Pitlochry",294243.597622478,758376.677953891,2776,23,"locality"
"Pitmedden",389082.632963989,827602.673130194,1444,11,"locality"
"Pittenweem",354844.63257066,702679.522207268,1486,17,"locality"
"Plains",279277.825667656,667055.409124629,2696,21,"locality"
"Plean",283432.478539714,687276.638875185,2027,16,"locality"
"Polbeth",302906.251174712,664218.305425032,2341,18,"locality"
"Polmont",293536.804960541,678597.048665915,5322,45,"locality"
"Port Bannatyne",207983.970247934,666864.087603306,1210,13,"locality"
"Port Ellen",136555.277777778,645360.109929078,846,7,"locality"
"Port Glasgow",233230.990333463,673646.206760088,15414,140,"locality"
"Portgordon",339545.639810427,864125.998815166,844,8,"locality"
"Portknockie",348967.204097715,868432.102442868,1269,11,"locality"
"Portlethen",391942.837980213,796767.444044713,7783,60,"locality"
"Portpatrick",200118.177902622,554390.157303371,534,5,"locality"
"Portree",147942.651855047,843994.384814495,2318,24,"locality"
"Portsoy",358724.954908676,865941.113584475,1752,17,"locality"
"Potterton",394379.879866518,815571.127919911,899,8,"locality"
"Prestonpans",338986.921772429,674246.43380744,9140,77,"locality"
"Prestwick",235415.205758003,625277.610630159,14901,133,"locality"
"Quarrier's Village",236361.755223881,666840.943283582,670,6,"locality"
"Quarter",272557.108609272,651391.876821192,755,7,"locality"
"Queenzieburn",269493.511857708,677565.713438735,506,4,"locality"
"Ratho",313744.266829865,670720.387392901,1634,14,"locality"
"Ratho Station",313261.313780261,672617.608007449,1074,8,"locality"
"Redding",291925.070552147,678563.06485539,2282,20,"locality"
"Reddingmuirhead",291775.533419023,677743.114395887,1556,11,"locality"
"Renfrew",250453.863960831,666930.528232818,21854,198,"locality"
"Renton",238875.036701405,678420.26869053,2207,21,"locality"
"Rhu",226790.539906103,684514.257694314,1917,17,"locality"
"Rigside",287917.505063291,635090.458227848,790,8,"locality"
"Rosehearty",393164.762481089,867375.202723147,1322,11,"locality"
"Rosemarkie",273615.373529412,857383.117647059,680,6,"locality"
"Rosewell",328776.609195402,662575.945083014,1566,13,"locality"
"Roslin",326973.843483557,663355.764920828,1642,16,"locality"
"Rosneath",225168.851963746,683633.586858006,1324,12,"locality"
"Rosyth",311295.687628866,683569.046023564,13580,112,"locality"
"Rothes",327908.32827476,849264.928913738,1252,10,"locality"
"Rothesay",208946.471856804,664563.087772267,4637,48,"locality"
"Rothienorman",372166.703176342,835783.47754655,913,6,"locality"
"Rumford",293359.952488688,677240.997737557,884,7,"locality"
"Rutherglen",261736.506066686,660636.563548932,31401,300,"locality"
"Saline",302319.955332726,692378.220601641,1097,8,"locality"
"Salsburgh",282796.131291028,662642.838074398,1371,11,"locality"
"Saltcoats",224841.090508768,642341.697177007,12717,116,"locality"
"Sandbank",216235.537214444,680551.108327192,1357,11,"locality"
"Sandhaven",396304.616504854,867352.814320388,824,6,"locality"
"Sanndabhaig (Sandwick)",144501.694256757,932332.736486487,592,5,"locality"
"Sanquhar",278239.734289955,609703.199406235,2021,17,"locality"
"Scalloway",440319.150129422,1139553.4866264,1159,11,"locality"
"Scone",313544.249283668,726238.176831764,4886,42,"locality"
"Seafield",300676.13115942,666090.502898551,1380,12,"locality"
"Selkirk",347028.987897649,628773.11791148,5784,59,"locality"
"Shieldhill",289812.204122077,676960.077288942,2523,18,"locality"
"Shotts, Dykehead and Stane",287478.0770367,660037.842290649,8801,73,"locality"
"Skelmorlie",219569.747494033,667540.450119332,2095,19,"locality"
"Slamannan",285432.662987491,672836.027225901,1359,11,"locality"
"Smithton",271259.029411765,845410.759487666,2108,16,"locality"
"South Queensferry",312777.527033016,677929.984600044,9026,71,"locality"
"Spean Bridge",222419.314018692,781759.117757009,535,4,"locality"
"Springfield",334333.053705693,711958.614393126,931,7,"locality"
"Springside",236927.413820492,638714.786338364,1259,12,"locality"
"St Andrews",350409.753467694,716154.090219324,16870,116,"locality"
"St Boswells",359564.546854083,630917.824631861,1494,13,"locality"
"St Combs",405415.015479876,863100.990712074,646,6,"locality"
"St Cyrus",374552.383753501,764779.348272642,1071,8,"locality"
"St Fergus",409483.687331536,852100.667115903,742,5,"locality"
"St Madoes and Glencarse",319548.681625741,720934.706181202,1181,10,"locality"
"St Monans",352511.744664032,701731.83715415,1265,13,"locality"
"Stamperland",257829.723239046,657922.592068774,3606,28,"locality"
"Stanley",310868.316008316,733166.452529453,1443,13,"locality"
"Stenhousemuir",287334.546621554,683160.969250672,10049,83,"locality"
"Steornabhagh (Stornoway)",142850.099080107,933495.568225374,5218,51,"locality"
"Stepps",265871.17033464,668253.138227314,6634,53,"locality"
"Stevenston",226981.224437299,642065.672025723,9330,80,"locality"
"Stewarton",241929.709412597,645984.183581033,7065,61,"locality"
"Stirling",279561.189917547,693335.451856566,36142,303,"locality"
"Stonehaven",386577.895547196,786119.72767037,11431,92,"locality"
"Stonehouse",275133.029604068,646280.773519797,5506,44,"locality"
"Stoneyburn",297635.617516081,662561.272142504,2021,17,"locality"
"Stow",345799.559888579,644860.002785515,718,6,"locality"
"Stranraer",205910.245256301,560597.791088455,10593,96,"locality"
"Strathaven",270133.640833779,644767.95777659,7484,62,"locality"
"Strathblane",255855.150203666,679412.675661915,1964,16,"locality"
"Strathkinness",346016.832157969,716242.830747532,709,6,"locality"
"Strathmiglo",321599.374574347,710112.368898978,881,7,"locality"
"Strathpeffer",248075.611361587,857955.042380523,1109,9,"locality"
"Strichen",394720.1298027,855246.566978193,963,7,"locality"
"Stromness",325427.154152446,1009124.24744027,1758,17,"locality"
"Stuartfield",397328.329850746,845933.570149254,670,6,"locality"
"Symington (South Ayrshire)",238462.20886076,631674.612115732,1106,9,"locality"
"Symington (South Lanarkshire)",299521.670995671,635204.41991342,693,6,"locality"
"Tain",277747.41751026,881848.59370725,3655,36,"locality"
"Tarbert",186468.027989822,668551.744698897,1179,12,"locality"
"Tarbolton",243200.460161663,627155.355080831,1732,16,"locality"
"Tarland",348102.797994269,804595.49713467,698,6,"locality"
"Tarves",386655.50509165,831073.107942973,982,7,"locality"
"Tayport",345775.495412844,728623.152817824,3815,35,"locality"
"Thankerton",297302.178502879,638145.499040307,521,5,"locality"
"Thornhill (Dumfries and Galloway)",287785.744922342,595441.693548387,1674,15,"locality"
"Thornhill (Stirling)",266465.403508772,699933.590643275,513,4,"locality"
"Thornliebank",255048.777832634,659210.672920267,4051,33,"locality"
"Thornton",328925.63343254,697612.079365079,2016,21,"locality"
"Thorntonhall",259025.2734375,655141.7453125,640,5,"locality"
"Thurso",311284.480650447,968185.885793521,7933,77,"locality"
"Tighnabruaich",197547.151515152,671996.810606061,528,7,"locality"
"Tillicoultry",292007.994508616,697089.139367544,5281,46,"locality"
"Tobermory",150376.284067086,755238.799790356,954,9,"locality"
"Torphichen",296708.349693252,672432.799079755,652,7,"locality"
"Torphins",362486.428186109,801709.742414026,1483,12,"locality"
"Torrance",261894.636210526,674063.605052632,2375,19,"locality"
"Torryburn and Newmills",302098.055501461,686156.214216164,1027,10,"locality"
"Townhill",310528.040447504,689373.539586919,1162,11,"locality"
"Tranent",340612.589675314,672479.40061845,11642,91,"locality"
"Troon",232951.398047722,631768.456480477,14752,126,"locality"
"Tullibody",286029.467817005,694969.404359178,8809,70,"locality"
"Turriff",372508.851265212,850092.895885648,5177,45,"locality"
"Twechar",269709.530577089,675264.813092162,1161,12,"locality"
"Tweedbank",351798.886244645,634796.197524988,2101,16,"locality"
"Uddingston",269556.297346091,660569.982487814,5539,47,"locality"
"Ullapool",212925.098637249,894329.401687216,1541,12,"locality"
"Uplawmoor",243540.164855072,655272.706521739,552,5,"locality"
"Viewpark",270777.174630436,661543.291909465,16303,134,"locality"
"Walkerburn",336234.831428571,637166.077142857,700,6,"locality"
"Wallacestone",291884.206349206,677273.174603175,693,5,"locality"
"Waterfoot",256988.529411765,654407.384313726,1275,9,"locality"
"Wattston and Greengairs",278259.680888889,670403.238222222,1125,9,"locality"
"Wellbank",347082.129934211,736799.680921053,608,5,"locality"
"Wemyss Bay",219295.332175926,670067.335262346,2592,19,"locality"
"West Barns",365697.312178388,678059.650085763,583,6,"locality"
"West Calder",301787.525600506,663021.292983565,3164,26,"locality"
"West Kilbride",220558.003345181,647974.217645829,4783,43,"locality"
"West Linton",315070.531997414,651851.519069166,1547,13,"locality"
"Westhill (Aberdeenshire)",382428.323747432,807134.554255604,11197,82,"locality"
"Westhill (Highland)",270983.098765432,844554.502564103,5265,43,"locality"
"Westquarter",291510.213984836,678949.870261163,1187,12,"locality"
"Whitburn",294674.759977515,664684.8803635,10674,95,"locality"
"Whitecraig",335346.459098498,670059.947412354,1198,9,"locality"
"Whitecross",296895.875,676877.042525773,776,6,"locality"
"Whitehills",365591.073732719,865377.632258064,1085,9,"locality"
"Whithorn",244565.066344994,540195.505428227,829,8,"locality"
"Whiting Bay",204433.496805112,626074.075079872,626,6,"locality"
"Wick",336736.457442348,950785.2907058,7155,63,"locality"
"Wigtown",243325.143322476,555271.247557003,921,9,"locality"
"Winchburgh",308651.744176707,674827.859839357,2490,22,"locality"
"Windygates",334578.10972973,700741.142702703,1850,17,"locality"
"Wishaw",279507.193379619,655308.575696752,30391,263,"locality"
"Yetholm",382121.263736264,628037.510989011,546,6,"locality"
NA,297789.284324718,758112.181182787,488744,4181,"locality"
